db/maps/default/maps/lod6542.map	20000
db/maps/default/maps/lod6543.map	20001
db/maps/default/maps/lod6547.map	20002
db/maps/default/maps/lod6548.map	20003
db/maps/default/maps/lod6550.map	20004
db/maps/default/maps/lod6551.map	20005
db/maps/default/maps/lod6544.map	20006
db/maps/default/maps/lod6545.map	20007
db/maps/default/maps/lod6546.map	20008
db/maps/default/maps/lod6552.map	20009
db/maps/default/maps/lod6549.map	20010
db/maps/PK/maps/lod0002.map	20011
db/maps/WoodLand/maps/lod687.map	20015
db/maps/WoodLand/maps/lod686.map	20016
db/maps/WoodLand/maps/lod723.map	20017
db/maps/WoodLand/maps/lod712.map	20018
db/maps/WoodLand/maps/lod706.map	20019
db/maps/WoodLand/maps/lod703.map	20020
db/maps/WoodLand/maps/lod716.map	20021
db/maps/WoodLand/maps/lod722.map	20022
db/maps/WoodLand/maps/lod701.map	20023
db/maps/WoodLand/maps/lod702.map	20024
db/maps/WoodLand/maps/lod704.map	20027
db/maps/WoodLand/maps/lod700.map	20028
db/maps/abel/maps/lod164.map	20029
db/maps/abel/maps/lod502.map	20030
db/maps/abel/maps/lod132.map	20031
db/maps/abel/maps/lod133.map	20032
db/maps/default/maps/lod598.map	20033
db/maps/default/maps/lod119.map	20034
db/maps/default/maps/lod126.map	20035
db/maps/default/maps/lod120.map	20036
db/maps/default/maps/lod115.map	20037
db/maps/abel/maps/lod136.map	20038
db/maps/abel/maps/lod1968.map	20039
db/maps/mileth/maps/lod129.map	20040
db/maps/mileth/maps/lod134.map	20041
db/maps/abelfield/maps/lod502.map	20044
db/maps/default/maps/lod1701.map	20045
db/maps/default/maps/lod1200.map	20046
db/maps/default/maps/lod403.map	20047
db/maps/default/maps/lod1201.map	20048
db/maps/default/maps/lod4201.map	20049
db/maps/default/maps/lod253.map	20050
db/maps/default/maps/lod252.map	20051
db/maps/default/maps/lod250.map	20052
db/maps/default/maps/lod185.map	20054
db/maps/default/maps/lod1242.map	20055
db/maps/default/maps/lod7005.map	20056
db/maps/default/maps/lod2114.map	20057
db/maps/default/maps/lod2119.map	20058
db/maps/default/maps/lod2120.map	20059
db/maps/default/maps/lod2121.map	20060
db/maps/default/maps/lod2130.map	20061
db/maps/default/maps/lod2137.map	20062
db/maps/default/maps/lod2102.map	20063
db/maps/default/maps/lod2103.map	20064
db/maps/default/maps/lod2104.map	20065
db/maps/default/maps/lod2105.map	20066
db/maps/default/maps/lod2106.map	20067
db/maps/default/maps/lod2112.map	20068
db/maps/default/maps/lod2107.map	20069
db/maps/default/maps/lod2101.map	20070
db/maps/default/maps/lod1240.map	20071
db/maps/default/maps/lod1241.map	20072
db/maps/default/maps/lod1247.map	20074
db/maps/default/maps/lod2652.map	20075
db/maps/default/maps/lod3208.map	20076
db/maps/default/maps/lod2649.map	20077
db/maps/default/maps/lod2651.map	20078
db/maps/default/maps/lod2650.map	20079
db/maps/default/maps/lod994.map	20081
db/maps/default/maps/lod6700.map	20083
db/maps/default/maps/lod6703.map	20084
db/maps/default/maps/lod6701.map	20085
db/maps/default/maps/lod10055.map	20087
db/maps/default/maps/lod10056.map	20088
db/maps/default/maps/lod3031.map	20090
db/maps/default/maps/lod4310.map	20093
db/maps/default/maps/lod4311.map	20094
db/maps/default/maps/lod4312.map	20095
db/maps/default/maps/lod4322.map	20096
db/maps/default/maps/lod4323.map	20097
db/maps/default/maps/lod4324.map	20098
db/maps/default/maps/lod4326.map	20099
db/maps/default/maps/lod4327.map	20100
db/maps/default/maps/lod4328.map	20101
db/maps/default/maps/lod4329.map	20102
db/maps/default/maps/lod4301.map	20103
db/maps/default/maps/lod4330.map	20104
db/maps/default/maps/lod4331.map	20105
db/maps/default/maps/lod4332.map	20106
db/maps/default/maps/lod4302.map	20107
db/maps/default/maps/lod4303.map	20108
db/maps/default/maps/lod4304.map	20109
db/maps/default/maps/lod4305.map	20110
db/maps/default/maps/lod4306.map	20111
db/maps/default/maps/lod4307.map	20112
db/maps/default/maps/lod4308.map	20113
db/maps/default/maps/lod4309.map	20114
db/maps/default/maps/lod4012.map	20115
db/maps/default/maps/lod3001.map	20132
db/maps/default/maps/lod3002.map	20133
db/maps/default/maps/lod3003.map	20134
db/maps/default/maps/lod3005.map	20135
db/maps/default/maps/lod465.map	20136
db/maps/default/maps/lod3255.map	20141
db/maps/default/maps/lod3690.map	20166
db/maps/default/maps/lod3691.map	20167
db/maps/default/maps/lod1243.map	20190
db/maps/default/maps/lod3251.map	20191
db/maps/default/maps/lod4612.map	20194
db/maps/default/maps/lod4613.map	20195
db/maps/default/maps/lod3815.map	20196
db/maps/default/maps/lod3032.map	20197
db/maps/default/maps/lod3047.map	20198
db/maps/default/maps/lod3048.map	20199
db/maps/default/maps/lod3049.map	20200
db/maps/default/maps/lod3050.map	20201
db/maps/default/maps/lod3051.map	20202
db/maps/default/maps/lod3053.map	20203
db/maps/default/maps/lod3054.map	20204
db/maps/default/maps/lod3055.map	20205
db/maps/default/maps/lod20008.map	20209
db/maps/default/maps/lod2035.map	20217
db/maps/default/maps/lod1956.map	20220
db/maps/default/maps/lod111.map	20221
db/maps/default/maps/lod6614.map	20225
db/maps/default/maps/lod20006.map	20226
db/maps/default/maps/lod20007.map	20227
db/maps/default/maps/lod2050.map	20230
db/maps/default/maps/lod2046.map	20231
db/maps/default/maps/lod2047.map	20232
db/maps/default/maps/lod2048.map	20233
db/maps/default/maps/lod2049.map	20234
db/maps/default/maps/lod10.map	20235
db/maps/default/maps/lod12.map	20236
db/maps/default/maps/lod14.map	20237
db/maps/default/maps/lod16.map	20238
db/maps/default/maps/lod18.map	20239
db/maps/default/maps/lod1.map	20240
db/maps/default/maps/lod20.map	20241
db/maps/default/maps/lod25.map	20242
db/maps/default/maps/lod2.map	20243
db/maps/default/maps/lod30.map	20244
db/maps/default/maps/lod3.map	20245
db/maps/default/maps/lod6.map	20246
db/maps/default/maps/lod8.map	20247
db/maps/default/maps/lod2500.map	20248
db/maps/default/maps/lod108.map	20251
db/maps/default/maps/lod4110.map	20253
db/maps/default/maps/lod4112.map	20254
db/maps/default/maps/lod4113.map	20255
db/maps/default/maps/lod4114.map	20256
db/maps/default/maps/lod4115.map	20257
db/maps/default/maps/lod4116.map	20258
db/maps/default/maps/lod1001.map	20260
db/maps/default/maps/lod15056.map	20261
db/maps/default/maps/lod6613.map	20263
db/maps/default/maps/lod6617.map	20265
db/maps/default/maps/lod6618.map	20266
db/maps/default/maps/lod6619.map	20267
db/maps/default/maps/lod6620.map	20268
db/maps/default/maps/lod4615.map	20269
db/maps/default/maps/lod7012.map	20270
db/maps/default/maps/lod3710.map	20273
db/maps/default/maps/lod3712.map	20274
db/maps/default/maps/lod3713.map	20275
db/maps/default/maps/lod3714.map	20276
db/maps/default/maps/lod3716.map	20277
db/maps/default/maps/lod3717.map	20278
db/maps/default/maps/lod3719.map	20279
db/maps/default/maps/lod3720.map	20280
db/maps/default/maps/lod667.map	20282
db/maps/hoyen/maps/lod504.map	20283
db/maps/mileth/maps/lod212.map	20284
db/maps/mileth/maps/lod137.map	20285
db/maps/mileth/maps/lod130.map	20286
db/maps/mileth/maps/lod500.map	20287
db/maps/mileth/maps/lod132.map	20288
db/maps/mileth/maps/lod133.map	20289
db/maps/mileth/maps/lod127.map	20290
db/maps/mileth/maps/lod393.map	20291
db/maps/mileth/maps/lod136.map	20292
db/maps/mileth/maps/lod128.map	20293
db/maps/mileth/maps/lod135.map	20294
db/maps/mileth/maps/lod401.map	20297
db/maps/mileth/maps/lod717.map	20298
db/maps/mileth/maps/lod213.map	20299
db/maps/mileth/maps/lod186.map	20300
db/maps/mileth/maps/lod206.map	20301
db/maps/mileth/maps/lod211.map	20302
db/maps/mine/maps/lod6800.map	20303
db/maps/mine/maps/lod666.map	20304
db/maps/default/maps/lod1969.map	20308
db/maps/piet/maps/lod164.map	20310
db/maps/piet/maps/lod501.map	20311
db/maps/piet/maps/lod165.map	20312
db/maps/piet/maps/lod163.map	20313
db/maps/piet/maps/lod161.map	20314
db/maps/piet/maps/lod150.map	20315
db/maps/piet/maps/lod148.map	20316
db/maps/piet/maps/lod162.map	20317
db/maps/piet/maps/lod149.map	20318
db/maps/rotone/maps/lod665.map	20319
db/maps/rucesion/maps/lod135.map	20324
db/maps/rucesion/maps/lod164.map	20328
db/maps/roues/maps/lod664.map	20329
db/maps/rucesion/maps/lod505.map	20338
db/maps/rucesion/maps/lod132.map	20339
db/maps/rucesion/maps/lod133.map	20340
db/maps/rucesion/maps/lod136.map	20342
db/maps/rucesionfield/maps/lod164.map	20347
db/maps/rucesionfield/maps/lod132.map	20348
db/maps/rucesionfield/maps/lod133.map	20349
db/maps/rucesionfield/maps/lod136.map	20350
db/maps/rucesionfield/maps/lod135.map	20351
db/maps/rucesionfield/maps/lod505.map	20352
db/maps/suomi/maps/lod503.map	20355
db/maps/tagore/maps/lod662.map	20363
db/maps/undine/maps/lod504.map	20372
db/maps/노비스마을/maps/lod4644.map	20373
db/maps/노비스마을/maps/lod4650.map	20374
db/maps/노비스마을/maps/lod4647.map	20375
db/maps/노비스마을/maps/lod4645.map	20376
db/maps/노비스마을/maps/lod4648.map	20377
db/maps/노비스마을/maps/lod4646.map	20378
db/maps/노비스마을/maps/lod4649.map	20379
db/maps/노비스마을/maps/lod4653.map	20380
db/maps/노비스마을/maps/lod4654.map	20381
db/maps/노비스마을/maps/lod4661.map	20382
db/maps/노비스마을/maps/lod4655.map	20383
db/maps/노비스마을/maps/lod4656.map	20384
db/maps/노비스마을/maps/lod4660.map	20385
db/maps/노비스마을/maps/lod4658.map	20386
db/maps/노비스마을/maps/lod4657.map	20387
db/maps/노비스마을/maps/lod4659.map	20388
db/maps/노비스마을/maps/lod4662.map	20389
db/maps/노비스마을/maps/lod4663.map	20390
db/maps/노비스마을/maps/lod4664.map	20391
db/maps/노비스마을/maps/lod4665.map	20392
db/maps/노비스마을/maps/lod4652.map	20393
db/maps/노비스마을/maps/lod4651.map	20394
db/maps/노비스마을/maps/lod4666.map	20395
db/maps/놀이동산/maps/lod7110.map	20396
db/maps/놀이동산/maps/lod7111.map	20397
db/maps/놀이동산/maps/lod7200.map	20398
db/maps/드라큐라백작의성/maps/lod1001.map	20399
db/maps/드라큐라백작의성/maps/lod1.map	20400
db/maps/드라큐라백작의성/maps/lod10.map	20401
db/maps/드라큐라백작의성/maps/lod11.map	20402
db/maps/드라큐라백작의성/maps/lod12.map	20403
db/maps/드라큐라백작의성/maps/lod13.map	20404
db/maps/드라큐라백작의성/maps/lod14.map	20405
db/maps/드라큐라백작의성/maps/lod15.map	20406
db/maps/드라큐라백작의성/maps/lod16.map	20407
db/maps/드라큐라백작의성/maps/lod2.map	20408
db/maps/드라큐라백작의성/maps/lod3.map	20409
db/maps/드라큐라백작의성/maps/lod4.map	20410
db/maps/드라큐라백작의성/maps/lod5.map	20411
db/maps/드라큐라백작의성/maps/lod6.map	20412
db/maps/드라큐라백작의성/maps/lod7.map	20413
db/maps/드라큐라백작의성/maps/lod8.map	20414
db/maps/드라큐라백작의성/maps/lod9.map	20415
db/maps/드라큐라백작의성/maps/lod100.map	20416
db/maps/드라큐라백작의성/maps/lod110.map	20417
db/maps/드라큐라백작의성/maps/lod111.map	20418
db/maps/드라큐라백작의성/maps/lod112.map	20419
db/maps/드라큐라백작의성/maps/lod113.map	20420
db/maps/드라큐라백작의성/maps/lod114.map	20421
db/maps/드라큐라백작의성/maps/lod115.map	20422
db/maps/드라큐라백작의성/maps/lod116.map	20423
db/maps/드라큐라백작의성/maps/lod102.map	20424
db/maps/드라큐라백작의성/maps/lod103.map	20425
db/maps/드라큐라백작의성/maps/lod104.map	20426
db/maps/드라큐라백작의성/maps/lod105.map	20427
db/maps/드라큐라백작의성/maps/lod106.map	20428
db/maps/드라큐라백작의성/maps/lod107.map	20429
db/maps/드라큐라백작의성/maps/lod108.map	20430
db/maps/드라큐라백작의성/maps/lod109.map	20431
db/maps/드라큐라백작의성/maps/lod1000.map	20432
db/maps/드라큐라백작의성/maps/lod2000.map	20433
db/maps/드라큐라백작의성/maps/lod56.map	20434
db/maps/드라큐라백작의성/maps/lod55.map	20435
db/maps/드라큐라백작의성/maps/lod117.map	20436
db/maps/루어스성/maps/lod0009.map	20437
db/maps/루어스성/maps/lod0005.map	20438
db/maps/루어스성/maps/lod0002.map	20439
db/maps/루어스성/maps/lod0003.map	20440
db/maps/루어스성/maps/lod0004.map	20441
db/maps/루어스성/maps/lod0001.map	20442
db/maps/루어스성/maps/lod0013.map	20443
db/maps/루어스성/maps/lod0011.map	20444
db/maps/루어스성/maps/lod0007.map	20445
db/maps/루어스성/maps/lod0008.map	20446
db/maps/루어스성/maps/lod0010.map	20447
db/maps/루어스성/maps/lod0012.map	20448
db/maps/루어스성/maps/lod0014.map	20449
db/maps/루어스성/maps/lod0017.map	20450
db/maps/루어스성/maps/lod0016.map	20451
db/maps/루어스성/maps/lod0015.map	20452
db/maps/루어스성/maps/lod0018.map	20453
db/maps/루어스성/maps/lod0006.map	20454
db/maps/뤼케해안/maps/lod0002.map	20455
db/maps/뤼케해안/maps/lod0006.map	20456
db/maps/뤼케해안/maps/lod0003.map	20457
db/maps/뤼케해안/maps/lod0007.map	20458
db/maps/뤼케해안/maps/lod0010.map	20459
db/maps/뤼케해안/maps/lod0004.map	20460
db/maps/뤼케해안/maps/lod0008.map	20461
db/maps/뤼케해안/maps/lod0011.map	20462
db/maps/뤼케해안/maps/lod0005.map	20463
db/maps/뤼케해안/maps/lod0009.map	20464
db/maps/뤼케해안/maps/lod0012.map	20465
db/maps/뤼케해안/maps/lod0001.map	20466
db/maps/메카닉/maps/lod8065.map	20467
db/maps/메카닉/maps/lod8066.map	20468
db/maps/메카닉/maps/lod8067.map	20469
db/maps/메카닉/maps/lod8068.map	20470
db/maps/메카닉/maps/lod8069.map	20471
db/maps/뮤레칸의역습/maps/lod500.map	20480
db/maps/베크나탑/maps/lod6053.map	20481
db/maps/베크나탑/maps/lod6054.map	20482
db/maps/베크나탑/maps/lod6045.map	20483
db/maps/베크나탑/maps/lod6056.map	20484
db/maps/베크나탑/maps/lod6051.map	20485
db/maps/베크나탑/maps/lod6052.map	20486
db/maps/베크나탑/maps/lod6042.map	20487
db/maps/베크나탑/maps/lod6400.map	20488
db/maps/베크나탑/maps/lod6041.map	20489
db/maps/서쪽대륙/maps/lod11003.map	20490
db/maps/서쪽대륙/maps/lod11004.map	20491
db/maps/서쪽대륙/maps/lod11312.map	20492
db/maps/서쪽대륙/maps/lod11313.map	20493
db/maps/서쪽대륙/maps/lod10274.map	20494
db/maps/서쪽대륙/maps/lod10304.map	20495
db/maps/서쪽대륙/maps/lod10271.map	20496
db/maps/서쪽대륙/maps/lod10272.map	20497
db/maps/서쪽대륙/maps/lod11008.map	20498
db/maps/서쪽대륙/maps/lod11010.map	20499
db/maps/서쪽대륙/maps/lod11000.map	20500
db/maps/서쪽대륙/maps/lod11006.map	20501
db/maps/서쪽대륙/maps/lod11007.map	20502
db/maps/서쪽대륙/maps/lod11001.map	20503
db/maps/서쪽대륙/maps/lod11002.map	20504
db/maps/서쪽대륙/maps/lod11005.map	20505
db/maps/서쪽대륙/maps/lod10307.map	20506
db/maps/서쪽대륙/maps/lod10308.map	20507
db/maps/서쪽대륙/maps/lod10309.map	20508
db/maps/서쪽대륙/maps/lod10310.map	20509
db/maps/서쪽대륙/maps/lod10311.map	20510
db/maps/서쪽대륙/maps/lod10306.map	20511
db/maps/서쪽대륙/maps/lod10312.map	20512
db/maps/서쪽대륙/maps/lod10265.map	20513
db/maps/서쪽대륙/maps/lod10266.map	20514
db/maps/서쪽대륙/maps/lod11400.map	20515
db/maps/서쪽대륙/maps/lod11401.map	20516
db/maps/서쪽대륙/maps/lod11402.map	20517
db/maps/서쪽대륙/maps/lod11011.map	20518
db/maps/서쪽대륙/maps/lod11300.map	20519
db/maps/서쪽대륙/maps/lod11315.map	20520
db/maps/서쪽대륙/maps/lod11317.map	20521
db/maps/서쪽대륙/maps/lod11318.map	20522
db/maps/서쪽대륙/maps/lod11316.map	20523
db/maps/서쪽대륙/maps/lod11310.map	20524
db/maps/서쪽대륙/maps/lod11311.map	20525
db/maps/서쪽대륙/maps/lod11314.map	20526
db/maps/서쪽대륙/maps/lod10273.map	20527
db/maps/서쪽대륙/maps/lod10267.map	20528
db/maps/서쪽대륙/maps/lod10268.map	20529
db/maps/서쪽대륙/maps/lod10282.map	20530
db/maps/서쪽대륙/maps/lod10270.map	20531
db/maps/서쪽대륙/maps/lod10287.map	20532
db/maps/서쪽대륙/maps/lod10291.map	20533
db/maps/서쪽대륙/maps/lod10290.map	20534
db/maps/서쪽대륙/maps/lod10292.map	20537
db/maps/서쪽대륙/maps/lod10293.map	20538
db/maps/서쪽대륙/maps/lod10302.map	20539
db/maps/서쪽대륙/maps/lod10285.map	20540
db/maps/승급호러캐슬/maps/lod2.map	20541
db/maps/승급호러캐슬/maps/lod1.map	20561
db/maps/시장/maps/lod991.map	20582
db/maps/시장/maps/lod994.map	20583
db/maps/아벨해안/maps/lod0002.map	20584
db/maps/아벨해안/maps/lod0006.map	20585
db/maps/아벨해안/maps/lod0003.map	20586
db/maps/아벨해안/maps/lod0007.map	20587
db/maps/아벨해안/maps/lod0010.map	20588
db/maps/아벨해안/maps/lod0004.map	20589
db/maps/아벨해안/maps/lod0008.map	20590
db/maps/아벨해안/maps/lod0011.map	20591
db/maps/아벨해안/maps/lod0005.map	20592
db/maps/아벨해안/maps/lod0009.map	20593
db/maps/아벨해안/maps/lod0012.map	20594
db/maps/아벨해안/maps/lod0001.map	20595
db/maps/아슬론마을/maps/lod4667.map	20596
db/maps/아슬론마을/maps/lod4662.map	20597
db/maps/아슬론마을/maps/lod4663.map	20598
db/maps/아슬론마을/maps/lod4666.map	20599
db/maps/아슬론마을/maps/lod4665.map	20600
db/maps/아슬론마을/maps/lod4668.map	20601
db/maps/아슬론마을/maps/lod10008.map	20602
db/maps/아슬론마을/maps/lod4664.map	20603
db/maps/아슬론마을/maps/lod10028.map	20604
db/maps/야외배틀필드/maps/lod507.map	20605
db/maps/야외배틀필드/maps/lod1000.map	20606
db/maps/야외배틀필드/maps/lod24001.map	20608
db/maps/야외배틀필드/maps/lod506.map	20610
db/maps/오렌마을/maps/lod6581.map	20611
db/maps/오렌마을/maps/lod6586.map	20612
db/maps/오렌마을/maps/lod6590.map	20613
db/maps/오렌마을/maps/lod6228.map	20614
db/maps/오렌마을/maps/lod6512.map	20615
db/maps/오렌마을/maps/lod6525.map	20616
db/maps/오렌마을/maps/lod6513.map	20617
db/maps/오렌마을/maps/lod6530.map	20618
db/maps/오렌마을/maps/lod6531.map	20619
db/maps/오렌마을/maps/lod6532.map	20620
db/maps/오렌마을/maps/lod6533.map	20621
db/maps/오렌마을/maps/lod6535.map	20622
db/maps/오렌마을/maps/lod6537.map	20623
db/maps/오렌마을/maps/lod6538.map	20624
db/maps/오렌마을/maps/lod6539.map	20625
db/maps/오렌마을/maps/lod6540.map	20626
db/maps/오렌마을/maps/lod6541.map	20627
db/maps/오렌마을/maps/lod6526.map	20628
db/maps/오렌마을/maps/lod6516.map	20629
db/maps/오렌마을/maps/lod6518.map	20630
db/maps/오렌마을/maps/lod6624.map	20631
db/maps/오렌마을/maps/lod6520.map	20632
db/maps/오렌마을/maps/lod6521.map	20633
db/maps/오렌마을/maps/lod6524.map	20634
db/maps/오렌마을/maps/lod6500.map	20635
db/maps/오렌마을/maps/lod6509.map	20636
db/maps/오렌마을/maps/lod6511.map	20637
db/maps/오렌마을/maps/lod6501.map	20638
db/maps/오렌마을/maps/lod6502.map	20639
db/maps/오렌마을/maps/lod6503.map	20640
db/maps/오렌마을/maps/lod6504.map	20641
db/maps/오렌마을/maps/lod6506.map	20642
db/maps/오렌마을/maps/lod6508.map	20643
db/maps/오렌마을/maps/lod6527.map	20644
db/maps/용자의공원/maps/lod3900.map	20645
db/maps/용자의공원/maps/lod3901.map	20646
db/maps/용자의공원/maps/lod3902.map	20647
db/maps/용자의공원/maps/lod3701.map	20648
db/maps/용자의공원/maps/lod3702.map	20649
db/maps/용자의공원/maps/lod3703.map	20650
db/maps/용자의공원/maps/lod3704.map	20651
db/maps/용자의공원/maps/lod3903.map	20652
db/maps/용자의공원/maps/lod3700.map	20653
db/maps/용자의공원/maps/lod3904.map	20654
db/maps/용자의공원/maps/lod3905.map	20655
db/maps/적룡플라밋의굴/maps/lod3634.map	20656
db/maps/죽음의마을/maps/lod3755.map	20657
db/maps/죽음의마을/maps/lod3756.map	20658
db/maps/죽음의마을/maps/lod3757.map	20659
db/maps/죽음의마을/maps/lod3758.map	20660
db/maps/죽음의마을/maps/lod3777.map	20661
db/maps/죽음의마을/maps/lod3778.map	20662
db/maps/죽음의마을/maps/lod3779.map	20663
db/maps/죽음의마을/maps/lod3780.map	20664
db/maps/죽음의마을/maps/lod3763.map	20665
db/maps/죽음의마을/maps/lod3764.map	20666
db/maps/죽음의마을/maps/lod3765.map	20667
db/maps/죽음의마을/maps/lod3766.map	20668
db/maps/죽음의마을/maps/lod3767.map	20669
db/maps/죽음의마을/maps/lod3768.map	20670
db/maps/죽음의마을/maps/lod3769.map	20671
db/maps/죽음의마을/maps/lod3770.map	20672
db/maps/죽음의마을/maps/lod3725.map	20673
db/maps/죽음의마을/maps/lod3726.map	20674
db/maps/죽음의마을/maps/lod3727.map	20675
db/maps/죽음의마을/maps/lod3728.map	20676
db/maps/죽음의마을/maps/lod3729.map	20677
db/maps/죽음의마을/maps/lod3730.map	20678
db/maps/죽음의마을/maps/lod0002.map	20679
db/maps/죽음의마을/maps/lod0003.map	20680
db/maps/죽음의마을/maps/lod0004.map	20681
db/maps/죽음의마을/maps/lod0005.map	20682
db/maps/죽음의마을/maps/lod2052.map	20683
db/maps/지하수로/maps/lod284.map	20684
db/maps/지하수로/maps/lod7550.map	20685
db/maps/지하수로/maps/lod7555.map	20686
db/maps/지하수로/maps/lod7556.map	20687
db/maps/지하수로/maps/lod7571.map	20688
db/maps/지하수로/maps/lod7572.map	20689
db/maps/카스마늄광산/maps/lod624.map	20690
db/maps/카스마늄광산/maps/lod2100.map	20691
db/maps/카스마늄광산/maps/lod2101.map	20692
db/maps/카스마늄광산/maps/lod2102.map	20693
db/maps/카스마늄광산/maps/lod661.map	20694
db/maps/카스마늄광산/maps/lod660.map	20695
db/maps/크리스마스마을/maps/lod7054.map	20696
db/maps/크리스마스마을/maps/lod7062.map	20697
db/maps/크리스마스마을/maps/lod7063.map	20698
db/maps/크리스마스마을/maps/lod7064.map	20699
db/maps/크리스마스마을/maps/lod7065.map	20706
db/maps/크리스마스마을/maps/lod7061.map	20707
db/maps/크리스마스마을/maps/lod7067.map	20708
db/maps/크리스마스마을/maps/lod7052.map	20709
db/maps/크리스마스마을/maps/lod7055.map	20710
db/maps/크리스마스마을/maps/lod7050.map	20711
db/maps/크리스마스마을/maps/lod7051.map	20712
db/maps/크리스마스마을/maps/lod7053.map	20713
db/maps/호러캐슬/maps/lod0001.map	20714
db/maps/호러캐슬/maps/lod6801.map	20715
db/maps/호러캐슬/maps/lod6802.map	20716
db/maps/호러캐슬/maps/lod6803.map	20717
db/maps/호러캐슬/maps/lod6005.map	20718
db/maps/호러캐슬/maps/lod6002.map	20719
db/maps/호러캐슬/maps/lod6003.map	20720
db/maps/호러캐슬/maps/lod6004.map	20721
db/maps/혼돈의탑/maps/lod0001.map	20722
db/maps/히야트/maps/lod11101.map	20793
db/maps/히야트/maps/lod11102.map	20794
db/maps/히야트/maps/lod11103.map	20795
db/maps/히야트/maps/lod11104.map	20796
